Kaynak Pin,Net,Bagli Oldugu Pinler
C1.1,ESP_EN,"R2.1, U1.3, U2.29"
C1.2,GND,"C2.2, C3.2, C4.2, C5.2, C6.2, C7.2, C8.2, C9.2, C10.2, C11.2, C12.2, C13.2, J1.13, J1.14, J1.A1B12, J1.B1A12, J2.14, J2.15, J2.16, J2.2, MK1.1, MK1.2, MK1.3, MK2.1, MK2.2, MK2.3, R3.2, R4.1, R5.2, R9.2, U1.1, U1.40, U1.41, U2.3, U2.41, U3.1, U3.2, U3.21, U3.33, U3.8, U4.10, U4.21, U4.5, U5.7"
C10.1,CTP_3V3,U2.12
C10.2,GND,"C1.2, C2.2, C3.2, C4.2, C5.2, C6.2, C7.2, C8.2, C9.2, C11.2, C12.2, C13.2, J1.13, J1.14, J1.A1B12, J1.B1A12, J2.14, J2.15, J2.16, J2.2, MK1.1, MK1.2, MK1.3, MK2.1, MK2.2, MK2.3, R3.2, R4.1, R5.2, R9.2, U1.1, U1.40, U1.41, U2.3, U2.41, U3.1, U3.2, U3.21, U3.33, U3.8, U4.10, U4.21, U4.5, U5.7"
C11.1,MIC_3V3,"C8.1, U2.19, U3.22, U3.23, U3.6, U3.7"
C11.2,GND,"C1.2, C2.2, C3.2, C4.2, C5.2, C6.2, C7.2, C8.2, C9.2, C10.2, C12.2, C13.2, J1.13, J1.14, J1.A1B12, J1.B1A12, J2.14, J2.15, J2.16, J2.2, MK1.1, MK1.2, MK1.3, MK2.1, MK2.2, MK2.3, R3.2, R4.1, R5.2, R9.2, U1.1, U1.40, U1.41, U2.3, U2.41, U3.1, U3.2, U3.21, U3.33, U3.8, U4.10, U4.21, U4.5, U5.7"
C12.1,AUD_3V3,"C7.1, U2.18, U4.11, U4.20, U4.3, U4.4"
C12.2,GND,"C1.2, C2.2, C3.2, C4.2, C5.2, C6.2, C7.2, C8.2, C9.2, C10.2, C11.2, C13.2, J1.13, J1.14, J1.A1B12, J1.B1A12, J2.14, J2.15, J2.16, J2.2, MK1.1, MK1.2, MK1.3, MK2.1, MK2.2, MK2.3, R3.2, R4.1, R5.2, R9.2, U1.1, U1.40, U1.41, U2.3, U2.41, U3.1, U3.2, U3.21, U3.33, U3.8, U4.10, U4.21, U4.5, U5.7"
C13.1,VBAT,"C4.1, U2.33, U5.6"
C13.2,GND,"C1.2, C2.2, C3.2, C4.2, C5.2, C6.2, C7.2, C8.2, C9.2, C10.2, C11.2, C12.2, J1.13, J1.14, J1.A1B12, J1.B1A12, J2.14, J2.15, J2.16, J2.2, MK1.1, MK1.2, MK1.3, MK2.1, MK2.2, MK2.3, R3.2, R4.1, R5.2, R9.2, U1.1, U1.40, U1.41, U2.3, U2.41, U3.1, U3.2, U3.21, U3.33, U3.8, U4.10, U4.21, U4.5, U5.7"
C2.1,VBUS,"C6.1, J1.A4B9, J1.B4A9, U2.37"
C2.2,GND,"C1.2, C3.2, C4.2, C5.2, C6.2, C7.2, C8.2, C9.2, C10.2, C11.2, C12.2, C13.2, J1.13, J1.14, J1.A1B12, J1.B1A12, J2.14, J2.15, J2.16, J2.2, MK1.1, MK1.2, MK1.3, MK2.1, MK2.2, MK2.3, R3.2, R4.1, R5.2, R9.2, U1.1, U1.40, U1.41, U2.3, U2.41, U3.1, U3.2, U3.21, U3.33, U3.8, U4.10, U4.21, U4.5, U5.7"
C3.1,SYS,"U2.13, U2.17, U2.23, U2.24, U2.34, U2.6, U2.7"
C3.2,GND,"C1.2, C2.2, C4.2, C5.2, C6.2, C7.2, C8.2, C9.2, C10.2, C11.2, C12.2, C13.2, J1.13, J1.14, J1.A1B12, J1.B1A12, J2.14, J2.15, J2.16, J2.2, MK1.1, MK1.2, MK1.3, MK2.1, MK2.2, MK2.3, R3.2, R4.1, R5.2, R9.2, U1.1, U1.40, U1.41, U2.3, U2.41, U3.1, U3.2, U3.21, U3.33, U3.8, U4.10, U4.21, U4.5, U5.7"
C4.1,VBAT,"C13.1, U2.33, U5.6"
C4.2,GND,"C1.2, C2.2, C3.2, C5.2, C6.2, C7.2, C8.2, C9.2, C10.2, C11.2, C12.2, C13.2, J1.13, J1.14, J1.A1B12, J1.B1A12, J2.14, J2.15, J2.16, J2.2, MK1.1, MK1.2, MK1.3, MK2.1, MK2.2, MK2.3, R3.2, R4.1, R5.2, R9.2, U1.1, U1.40, U1.41, U2.3, U2.41, U3.1, U3.2, U3.21, U3.33, U3.8, U4.10, U4.21, U4.5, U5.7"
C5.1,3V3,"L1.2, R1.2, R2.2, R6.2, R7.2, R8.2, U1.2, U2.14, U2.21"
C5.2,GND,"C1.2, C2.2, C3.2, C4.2, C6.2, C7.2, C8.2, C9.2, C10.2, C11.2, C12.2, C13.2, J1.13, J1.14, J1.A1B12, J1.B1A12, J2.14, J2.15, J2.16, J2.2, MK1.1, MK1.2, MK1.3, MK2.1, MK2.2, MK2.3, R3.2, R4.1, R5.2, R9.2, U1.1, U1.40, U1.41, U2.3, U2.41, U3.1, U3.2, U3.21, U3.33, U3.8, U4.10, U4.21, U4.5, U5.7"
C6.1,VBUS,"C2.1, J1.A4B9, J1.B4A9, U2.37"
C6.2,GND,"C1.2, C2.2, C3.2, C4.2, C5.2, C7.2, C8.2, C9.2, C10.2, C11.2, C12.2, C13.2, J1.13, J1.14, J1.A1B12, J1.B1A12, J2.14, J2.15, J2.16, J2.2, MK1.1, MK1.2, MK1.3, MK2.1, MK2.2, MK2.3, R3.2, R4.1, R5.2, R9.2, U1.1, U1.40, U1.41, U2.3, U2.41, U3.1, U3.2, U3.21, U3.33, U3.8, U4.10, U4.21, U4.5, U5.7"
C7.1,AUD_3V3,"C12.1, U2.18, U4.11, U4.20, U4.3, U4.4"
C7.2,GND,"C1.2, C2.2, C3.2, C4.2, C5.2, C6.2, C8.2, C9.2, C10.2, C11.2, C12.2, C13.2, J1.13, J1.14, J1.A1B12, J1.B1A12, J2.14, J2.15, J2.16, J2.2, MK1.1, MK1.2, MK1.3, MK2.1, MK2.2, MK2.3, R3.2, R4.1, R5.2, R9.2, U1.1, U1.40, U1.41, U2.3, U2.41, U3.1, U3.2, U3.21, U3.33, U3.8, U4.10, U4.21, U4.5, U5.7"
C8.1,MIC_3V3,"C11.1, U2.19, U3.22, U3.23, U3.6, U3.7"
C8.2,GND,"C1.2, C2.2, C3.2, C4.2, C5.2, C6.2, C7.2, C9.2, C10.2, C11.2, C12.2, C13.2, J1.13, J1.14, J1.A1B12, J1.B1A12, J2.14, J2.15, J2.16, J2.2, MK1.1, MK1.2, MK1.3, MK2.1, MK2.2, MK2.3, R3.2, R4.1, R5.2, R9.2, U1.1, U1.40, U1.41, U2.3, U2.41, U3.1, U3.2, U3.21, U3.33, U3.8, U4.10, U4.21, U4.5, U5.7"
C9.1,LCD_3V3,"J2.1, U2.16"
C9.2,GND,"C1.2, C2.2, C3.2, C4.2, C5.2, C6.2, C7.2, C8.2, C10.2, C11.2, C12.2, C13.2, J1.13, J1.14, J1.A1B12, J1.B1A12, J2.14, J2.15, J2.16, J2.2, MK1.1, MK1.2, MK1.3, MK2.1, MK2.2, MK2.3, R3.2, R4.1, R5.2, R9.2, U1.1, U1.40, U1.41, U2.3, U2.41, U3.1, U3.2, U3.21, U3.33, U3.8, U4.10, U4.21, U4.5, U5.7"
J1.13,GND,"C1.2, C2.2, C3.2, C4.2, C5.2, C6.2, C7.2, C8.2, C9.2, C10.2, C11.2, C12.2, C13.2, J1.14, J1.A1B12, J1.B1A12, J2.14, J2.15, J2.16, J2.2, MK1.1, MK1.2, MK1.3, MK2.1, MK2.2, MK2.3, R3.2, R4.1, R5.2, R9.2, U1.1, U1.40, U1.41, U2.3, U2.41, U3.1, U3.2, U3.21, U3.33, U3.8, U4.10, U4.21, U4.5, U5.7"
J1.14,GND,"C1.2, C2.2, C3.2, C4.2, C5.2, C6.2, C7.2, C8.2, C9.2, C10.2, C11.2, C12.2, C13.2, J1.13, J1.A1B12, J1.B1A12, J2.14, J2.15, J2.16, J2.2, MK1.1, MK1.2, MK1.3, MK2.1, MK2.2, MK2.3, R3.2, R4.1, R5.2, R9.2, U1.1, U1.40, U1.41, U2.3, U2.41, U3.1, U3.2, U3.21, U3.33, U3.8, U4.10, U4.21, U4.5, U5.7"
J1.A1B12,GND,"C1.2, C2.2, C3.2, C4.2, C5.2, C6.2, C7.2, C8.2, C9.2, C10.2, C11.2, C12.2, C13.2, J1.13, J1.14, J1.B1A12, J2.14, J2.15, J2.16, J2.2, MK1.1, MK1.2, MK1.3, MK2.1, MK2.2, MK2.3, R3.2, R4.1, R5.2, R9.2, U1.1, U1.40, U1.41, U2.3, U2.41, U3.1, U3.2, U3.21, U3.33, U3.8, U4.10, U4.21, U4.5, U5.7"
J1.A4B9,VBUS,"C2.1, C6.1, J1.B4A9, U2.37"
J1.A5,CC1,R4.2
J1.A6,USB_DP,"J1.B6, U1.14"
J1.A7,USB_DM,"J1.B7, U1.13"
J1.A8,NC__J1__A8,-
J1.B1A12,GND,"C1.2, C2.2, C3.2, C4.2, C5.2, C6.2, C7.2, C8.2, C9.2, C10.2, C11.2, C12.2, C13.2, J1.13, J1.14, J1.A1B12, J2.14, J2.15, J2.16, J2.2, MK1.1, MK1.2, MK1.3, MK2.1, MK2.2, MK2.3, R3.2, R4.1, R5.2, R9.2, U1.1, U1.40, U1.41, U2.3, U2.41, U3.1, U3.2, U3.21, U3.33, U3.8, U4.10, U4.21, U4.5, U5.7"
J1.B4A9,VBUS,"C2.1, C6.1, J1.A4B9, U2.37"
J1.B5,CC2,R5.1
J1.B6,USB_DP,"J1.A6, U1.14"
J1.B7,USB_DM,"J1.A7, U1.13"
J1.B8,NC__J1__B8,-
J2.1,LCD_3V3,"C9.1, U2.16"
J2.10,I2C_SCL,"R7.1, U1.22, U2.40, U3.4, U4.1"
J2.11,I2C_SDA,"R6.1, U1.8, U2.39, U3.3, U4.19"
J2.12,CTP_RST,U1.24
J2.13,CTP_INT,U1.23
J2.14,GND,"C1.2, C2.2, C3.2, C4.2, C5.2, C6.2, C7.2, C8.2, C9.2, C10.2, C11.2, C12.2, C13.2, J1.13, J1.14, J1.A1B12, J1.B1A12, J2.15, J2.16, J2.2, MK1.1, MK1.2, MK1.3, MK2.1, MK2.2, MK2.3, R3.2, R4.1, R5.2, R9.2, U1.1, U1.40, U1.41, U2.3, U2.41, U3.1, U3.2, U3.21, U3.33, U3.8, U4.10, U4.21, U4.5, U5.7"
J2.15,GND,"C1.2, C2.2, C3.2, C4.2, C5.2, C6.2, C7.2, C8.2, C9.2, C10.2, C11.2, C12.2, C13.2, J1.13, J1.14, J1.A1B12, J1.B1A12, J2.14, J2.16, J2.2, MK1.1, MK1.2, MK1.3, MK2.1, MK2.2, MK2.3, R3.2, R4.1, R5.2, R9.2, U1.1, U1.40, U1.41, U2.3, U2.41, U3.1, U3.2, U3.21, U3.33, U3.8, U4.10, U4.21, U4.5, U5.7"
J2.16,GND,"C1.2, C2.2, C3.2, C4.2, C5.2, C6.2, C7.2, C8.2, C9.2, C10.2, C11.2, C12.2, C13.2, J1.13, J1.14, J1.A1B12, J1.B1A12, J2.14, J2.15, J2.2, MK1.1, MK1.2, MK1.3, MK2.1, MK2.2, MK2.3, R3.2, R4.1, R5.2, R9.2, U1.1, U1.40, U1.41, U2.3, U2.41, U3.1, U3.2, U3.21, U3.33, U3.8, U4.10, U4.21, U4.5, U5.7"
J2.2,GND,"C1.2, C2.2, C3.2, C4.2, C5.2, C6.2, C7.2, C8.2, C9.2, C10.2, C11.2, C12.2, C13.2, J1.13, J1.14, J1.A1B12, J1.B1A12, J2.14, J2.15, J2.16, MK1.1, MK1.2, MK1.3, MK2.1, MK2.2, MK2.3, R3.2, R4.1, R5.2, R9.2, U1.1, U1.40, U1.41, U2.3, U2.41, U3.1, U3.2, U3.21, U3.33, U3.8, U4.10, U4.21, U4.5, U5.7"
J2.3,TFT_CS,U1.5
J2.4,TFT_RST,U1.31
J2.5,TFT_DC,U1.4
J2.6,TFT_MOSI,U1.7
J2.7,TFT_SCLK,U1.6
J2.8,TFT_BL,U1.33
J2.9,NC__J2__9,-
L1.1,DCDC1_LX,U2.22
L1.2,3V3,"C5.1, R1.2, R2.2, R6.2, R7.2, R8.2, U1.2, U2.14, U2.21"
MK1.1,GND,"C1.2, C2.2, C3.2, C4.2, C5.2, C6.2, C7.2, C8.2, C9.2, C10.2, C11.2, C12.2, C13.2, J1.13, J1.14, J1.A1B12, J1.B1A12, J2.14, J2.15, J2.16, J2.2, MK1.2, MK1.3, MK2.1, MK2.2, MK2.3, R3.2, R4.1, R5.2, R9.2, U1.1, U1.40, U1.41, U2.3, U2.41, U3.1, U3.2, U3.21, U3.33, U3.8, U4.10, U4.21, U4.5, U5.7"
MK1.2,GND,"C1.2, C2.2, C3.2, C4.2, C5.2, C6.2, C7.2, C8.2, C9.2, C10.2, C11.2, C12.2, C13.2, J1.13, J1.14, J1.A1B12, J1.B1A12, J2.14, J2.15, J2.16, J2.2, MK1.1, MK1.3, MK2.1, MK2.2, MK2.3, R3.2, R4.1, R5.2, R9.2, U1.1, U1.40, U1.41, U2.3, U2.41, U3.1, U3.2, U3.21, U3.33, U3.8, U4.10, U4.21, U4.5, U5.7"
MK1.3,GND,"C1.2, C2.2, C3.2, C4.2, C5.2, C6.2, C7.2, C8.2, C9.2, C10.2, C11.2, C12.2, C13.2, J1.13, J1.14, J1.A1B12, J1.B1A12, J2.14, J2.15, J2.16, J2.2, MK1.1, MK1.2, MK2.1, MK2.2, MK2.3, R3.2, R4.1, R5.2, R9.2, U1.1, U1.40, U1.41, U2.3, U2.41, U3.1, U3.2, U3.21, U3.33, U3.8, U4.10, U4.21, U4.5, U5.7"
MK1.4,MIC1P,U3.16
MK1.5,NC__MK1__5,-
MK1.6,MICBIAS,"MK2.6, U3.24"
MK2.1,GND,"C1.2, C2.2, C3.2, C4.2, C5.2, C6.2, C7.2, C8.2, C9.2, C10.2, C11.2, C12.2, C13.2, J1.13, J1.14, J1.A1B12, J1.B1A12, J2.14, J2.15, J2.16, J2.2, MK1.1, MK1.2, MK1.3, MK2.2, MK2.3, R3.2, R4.1, R5.2, R9.2, U1.1, U1.40, U1.41, U2.3, U2.41, U3.1, U3.2, U3.21, U3.33, U3.8, U4.10, U4.21, U4.5, U5.7"
MK2.2,GND,"C1.2, C2.2, C3.2, C4.2, C5.2, C6.2, C7.2, C8.2, C9.2, C10.2, C11.2, C12.2, C13.2, J1.13, J1.14, J1.A1B12, J1.B1A12, J2.14, J2.15, J2.16, J2.2, MK1.1, MK1.2, MK1.3, MK2.1, MK2.3, R3.2, R4.1, R5.2, R9.2, U1.1, U1.40, U1.41, U2.3, U2.41, U3.1, U3.2, U3.21, U3.33, U3.8, U4.10, U4.21, U4.5, U5.7"
MK2.3,GND,"C1.2, C2.2, C3.2, C4.2, C5.2, C6.2, C7.2, C8.2, C9.2, C10.2, C11.2, C12.2, C13.2, J1.13, J1.14, J1.A1B12, J1.B1A12, J2.14, J2.15, J2.16, J2.2, MK1.1, MK1.2, MK1.3, MK2.1, MK2.2, R3.2, R4.1, R5.2, R9.2, U1.1, U1.40, U1.41, U2.3, U2.41, U3.1, U3.2, U3.21, U3.33, U3.8, U4.10, U4.21, U4.5, U5.7"
MK2.4,MIC2P,U3.19
MK2.5,NC__MK2__5,-
MK2.6,MICBIAS,"MK1.6, U3.24"
R1.1,BOOT,U1.27
R1.2,3V3,"C5.1, L1.2, R2.2, R6.2, R7.2, R8.2, U1.2, U2.14, U2.21"
R2.1,ESP_EN,"C1.1, U1.3, U2.29"
R2.2,3V3,"C5.1, L1.2, R1.2, R6.2, R7.2, R8.2, U1.2, U2.14, U2.21"
R3.1,PA_CTRL,"U1.16, U5.1"
R3.2,GND,"C1.2, C2.2, C3.2, C4.2, C5.2, C6.2, C7.2, C8.2, C9.2, C10.2, C11.2, C12.2, C13.2, J1.13, J1.14, J1.A1B12, J1.B1A12, J2.14, J2.15, J2.16, J2.2, MK1.1, MK1.2, MK1.3, MK2.1, MK2.2, MK2.3, R4.1, R5.2, R9.2, U1.1, U1.40, U1.41, U2.3, U2.41, U3.1, U3.2, U3.21, U3.33, U3.8, U4.10, U4.21, U4.5, U5.7"
R4.1,GND,"C1.2, C2.2, C3.2, C4.2, C5.2, C6.2, C7.2, C8.2, C9.2, C10.2, C11.2, C12.2, C13.2, J1.13, J1.14, J1.A1B12, J1.B1A12, J2.14, J2.15, J2.16, J2.2, MK1.1, MK1.2, MK1.3, MK2.1, MK2.2, MK2.3, R3.2, R5.2, R9.2, U1.1, U1.40, U1.41, U2.3, U2.41, U3.1, U3.2, U3.21, U3.33, U3.8, U4.10, U4.21, U4.5, U5.7"
R4.2,CC1,J1.A5
R5.1,CC2,J1.B5
R5.2,GND,"C1.2, C2.2, C3.2, C4.2, C5.2, C6.2, C7.2, C8.2, C9.2, C10.2, C11.2, C12.2, C13.2, J1.13, J1.14, J1.A1B12, J1.B1A12, J2.14, J2.15, J2.16, J2.2, MK1.1, MK1.2, MK1.3, MK2.1, MK2.2, MK2.3, R3.2, R4.1, R9.2, U1.1, U1.40, U1.41, U2.3, U2.41, U3.1, U3.2, U3.21, U3.33, U3.8, U4.10, U4.21, U4.5, U5.7"
R6.1,I2C_SDA,"J2.11, U1.8, U2.39, U3.3, U4.19"
R6.2,3V3,"C5.1, L1.2, R1.2, R2.2, R7.2, R8.2, U1.2, U2.14, U2.21"
R7.1,I2C_SCL,"J2.10, U1.22, U2.40, U3.4, U4.1"
R7.2,3V3,"C5.1, L1.2, R1.2, R2.2, R6.2, R8.2, U1.2, U2.14, U2.21"
R8.1,AXP_IRQ,"U1.25, U2.38"
R8.2,3V3,"C5.1, L1.2, R1.2, R2.2, R6.2, R7.2, U1.2, U2.14, U2.21"
R9.1,BAT_NTC,U2.31
R9.2,GND,"C1.2, C2.2, C3.2, C4.2, C5.2, C6.2, C7.2, C8.2, C9.2, C10.2, C11.2, C12.2, C13.2, J1.13, J1.14, J1.A1B12, J1.B1A12, J2.14, J2.15, J2.16, J2.2, MK1.1, MK1.2, MK1.3, MK2.1, MK2.2, MK2.3, R3.2, R4.1, R5.2, U1.1, U1.40, U1.41, U2.3, U2.41, U3.1, U3.2, U3.21, U3.33, U3.8, U4.10, U4.21, U4.5, U5.7"
U1.1,GND,"C1.2, C2.2, C3.2, C4.2, C5.2, C6.2, C7.2, C8.2, C9.2, C10.2, C11.2, C12.2, C13.2, J1.13, J1.14, J1.A1B12, J1.B1A12, J2.14, J2.15, J2.16, J2.2, MK1.1, MK1.2, MK1.3, MK2.1, MK2.2, MK2.3, R3.2, R4.1, R5.2, R9.2, U1.40, U1.41, U2.3, U2.41, U3.1, U3.2, U3.21, U3.33, U3.8, U4.10, U4.21, U4.5, U5.7"
U1.10,NC__U1__10,-
U1.11,NC__U1__11,-
U1.12,I2S_DOUT,U4.9
U1.13,USB_DM,"J1.A7, J1.B7"
U1.14,USB_DP,"J1.A6, J1.B6"
U1.15,NC__U1__15,-
U1.16,PA_CTRL,"R3.1, U5.1"
U1.17,I2S_BCLK,"U3.9, U4.6"
U1.18,I2S_DIN,U3.11
U1.19,NC__U1__19,-
U1.2,3V3,"C5.1, L1.2, R1.2, R2.2, R6.2, R7.2, R8.2, U2.14, U2.21"
U1.20,NC__U1__20,-
U1.21,NC__U1__21,-
U1.22,I2C_SCL,"J2.10, R7.1, U2.40, U3.4, U4.1"
U1.23,CTP_INT,J2.13
U1.24,CTP_RST,J2.12
U1.25,AXP_IRQ,"R8.1, U2.38"
U1.26,I2S_LRCK,"U3.10, U4.8"
U1.27,BOOT,R1.1
U1.28,NC__U1__28,-
U1.29,NC__U1__29,-
U1.3,ESP_EN,"C1.1, R2.1, U2.29"
U1.30,NC__U1__30,-
U1.31,TFT_RST,J2.4
U1.32,NC__U1__32,-
U1.33,TFT_BL,J2.8
U1.34,NC__U1__34,-
U1.35,NC__U1__35,-
U1.36,UART_RXD,-
U1.37,UART_TXD,-
U1.38,NC__U1__38,-
U1.39,NC__U1__39,-
U1.4,TFT_DC,J2.5
U1.40,GND,"C1.2, C2.2, C3.2, C4.2, C5.2, C6.2, C7.2, C8.2, C9.2, C10.2, C11.2, C12.2, C13.2, J1.13, J1.14, J1.A1B12, J1.B1A12, J2.14, J2.15, J2.16, J2.2, MK1.1, MK1.2, MK1.3, MK2.1, MK2.2, MK2.3, R3.2, R4.1, R5.2, R9.2, U1.1, U1.41, U2.3, U2.41, U3.1, U3.2, U3.21, U3.33, U3.8, U4.10, U4.21, U4.5, U5.7"
U1.41,GND,"C1.2, C2.2, C3.2, C4.2, C5.2, C6.2, C7.2, C8.2, C9.2, C10.2, C11.2, C12.2, C13.2, J1.13, J1.14, J1.A1B12, J1.B1A12, J2.14, J2.15, J2.16, J2.2, MK1.1, MK1.2, MK1.3, MK2.1, MK2.2, MK2.3, R3.2, R4.1, R5.2, R9.2, U1.1, U1.40, U2.3, U2.41, U3.1, U3.2, U3.21, U3.33, U3.8, U4.10, U4.21, U4.5, U5.7"
U1.5,TFT_CS,J2.3
U1.6,TFT_SCLK,J2.7
U1.7,TFT_MOSI,J2.6
U1.8,I2C_SDA,"J2.11, R6.1, U2.39, U3.3, U4.19"
U1.9,I2S_MCLK,"U3.5, U4.2"
U2.1,NC__U2__1,-
U2.10,NC__U2__10,-
U2.11,NC__U2__11,-
U2.12,CTP_3V3,C10.1
U2.13,SYS,"C3.1, U2.17, U2.23, U2.24, U2.34, U2.6, U2.7"
U2.14,3V3,"C5.1, L1.2, R1.2, R2.2, R6.2, R7.2, R8.2, U1.2, U2.21"
U2.15,NC__U2__15,-
U2.16,LCD_3V3,"C9.1, J2.1"
U2.17,SYS,"C3.1, U2.13, U2.23, U2.24, U2.34, U2.6, U2.7"
U2.18,AUD_3V3,"C7.1, C12.1, U4.11, U4.20, U4.3, U4.4"
U2.19,MIC_3V3,"C8.1, C11.1, U3.22, U3.23, U3.6, U3.7"
U2.2,AXP_VREF,-
U2.20,NC__U2__20,-
U2.21,3V3,"C5.1, L1.2, R1.2, R2.2, R6.2, R7.2, R8.2, U1.2, U2.14"
U2.22,DCDC1_LX,L1.1
U2.23,SYS,"C3.1, U2.13, U2.17, U2.24, U2.34, U2.6, U2.7"
U2.24,SYS,"C3.1, U2.13, U2.17, U2.23, U2.34, U2.6, U2.7"
U2.25,NC__U2__25,-
U2.26,NC__U2__26,-
U2.27,NC__U2__27,-
U2.28,NC__U2__28,-
U2.29,ESP_EN,"C1.1, R2.1, U1.3"
U2.3,GND,"C1.2, C2.2, C3.2, C4.2, C5.2, C6.2, C7.2, C8.2, C9.2, C10.2, C11.2, C12.2, C13.2, J1.13, J1.14, J1.A1B12, J1.B1A12, J2.14, J2.15, J2.16, J2.2, MK1.1, MK1.2, MK1.3, MK2.1, MK2.2, MK2.3, R3.2, R4.1, R5.2, R9.2, U1.1, U1.40, U1.41, U2.41, U3.1, U3.2, U3.21, U3.33, U3.8, U4.10, U4.21, U4.5, U5.7"
U2.30,PWRON,-
U2.31,BAT_NTC,R9.1
U2.32,NC__U2__32,-
U2.33,VBAT,"C4.1, C13.1, U5.6"
U2.34,SYS,"C3.1, U2.13, U2.17, U2.23, U2.24, U2.6, U2.7"
U2.35,NC__U2__35,-
U2.36,AXP_VMID,-
U2.37,VBUS,"C2.1, C6.1, J1.A4B9, J1.B4A9"
U2.38,AXP_IRQ,"R8.1, U1.25"
U2.39,I2C_SDA,"J2.11, R6.1, U1.8, U3.3, U4.19"
U2.4,NC__U2__4,-
U2.40,I2C_SCL,"J2.10, R7.1, U1.22, U3.4, U4.1"
U2.41,GND,"C1.2, C2.2, C3.2, C4.2, C5.2, C6.2, C7.2, C8.2, C9.2, C10.2, C11.2, C12.2, C13.2, J1.13, J1.14, J1.A1B12, J1.B1A12, J2.14, J2.15, J2.16, J2.2, MK1.1, MK1.2, MK1.3, MK2.1, MK2.2, MK2.3, R3.2, R4.1, R5.2, R9.2, U1.1, U1.40, U1.41, U2.3, U3.1, U3.2, U3.21, U3.33, U3.8, U4.10, U4.21, U4.5, U5.7"
U2.5,NC__U2__5,-
U2.6,SYS,"C3.1, U2.13, U2.17, U2.23, U2.24, U2.34, U2.7"
U2.7,SYS,"C3.1, U2.13, U2.17, U2.23, U2.24, U2.34, U2.6"
U2.8,NC__U2__8,-
U2.9,NC__U2__9,-
U3.1,GND,"C1.2, C2.2, C3.2, C4.2, C5.2, C6.2, C7.2, C8.2, C9.2, C10.2, C11.2, C12.2, C13.2, J1.13, J1.14, J1.A1B12, J1.B1A12, J2.14, J2.15, J2.16, J2.2, MK1.1, MK1.2, MK1.3, MK2.1, MK2.2, MK2.3, R3.2, R4.1, R5.2, R9.2, U1.1, U1.40, U1.41, U2.3, U2.41, U3.2, U3.21, U3.33, U3.8, U4.10, U4.21, U4.5, U5.7"
U3.10,I2S_LRCK,"U1.26, U4.8"
U3.11,I2S_DIN,U1.18
U3.12,NC__U3__12,-
U3.13,NC__U3__13,-
U3.14,NC__U3__14,-
U3.15,MIC1N,-
U3.16,MIC1P,MK1.4
U3.17,ES7210_REFP12,-
U3.18,ES7210_REFQ12,-
U3.19,MIC2P,MK2.4
U3.2,GND,"C1.2, C2.2, C3.2, C4.2, C5.2, C6.2, C7.2, C8.2, C9.2, C10.2, C11.2, C12.2, C13.2, J1.13, J1.14, J1.A1B12, J1.B1A12, J2.14, J2.15, J2.16, J2.2, MK1.1, MK1.2, MK1.3, MK2.1, MK2.2, MK2.3, R3.2, R4.1, R5.2, R9.2, U1.1, U1.40, U1.41, U2.3, U2.41, U3.1, U3.21, U3.33, U3.8, U4.10, U4.21, U4.5, U5.7"
U3.20,MIC2N,-
U3.21,GND,"C1.2, C2.2, C3.2, C4.2, C5.2, C6.2, C7.2, C8.2, C9.2, C10.2, C11.2, C12.2, C13.2, J1.13, J1.14, J1.A1B12, J1.B1A12, J2.14, J2.15, J2.16, J2.2, MK1.1, MK1.2, MK1.3, MK2.1, MK2.2, MK2.3, R3.2, R4.1, R5.2, R9.2, U1.1, U1.40, U1.41, U2.3, U2.41, U3.1, U3.2, U3.33, U3.8, U4.10, U4.21, U4.5, U5.7"
U3.22,MIC_3V3,"C8.1, C11.1, U2.19, U3.23, U3.6, U3.7"
U3.23,MIC_3V3,"C8.1, C11.1, U2.19, U3.22, U3.6, U3.7"
U3.24,MICBIAS,"MK1.6, MK2.6"
U3.25,ES7210_REFQM,-
U3.26,NC__U3__26,-
U3.27,NC__U3__27,-
U3.28,NC__U3__28,-
U3.29,NC__U3__29,-
U3.3,I2C_SDA,"J2.11, R6.1, U1.8, U2.39, U4.19"
U3.30,NC__U3__30,-
U3.31,AEC_P,-
U3.32,AEC_N,-
U3.33,GND,"C1.2, C2.2, C3.2, C4.2, C5.2, C6.2, C7.2, C8.2, C9.2, C10.2, C11.2, C12.2, C13.2, J1.13, J1.14, J1.A1B12, J1.B1A12, J2.14, J2.15, J2.16, J2.2, MK1.1, MK1.2, MK1.3, MK2.1, MK2.2, MK2.3, R3.2, R4.1, R5.2, R9.2, U1.1, U1.40, U1.41, U2.3, U2.41, U3.1, U3.2, U3.21, U3.8, U4.10, U4.21, U4.5, U5.7"
U3.4,I2C_SCL,"J2.10, R7.1, U1.22, U2.40, U4.1"
U3.5,I2S_MCLK,"U1.9, U4.2"
U3.6,MIC_3V3,"C8.1, C11.1, U2.19, U3.22, U3.23, U3.7"
U3.7,MIC_3V3,"C8.1, C11.1, U2.19, U3.22, U3.23, U3.6"
U3.8,GND,"C1.2, C2.2, C3.2, C4.2, C5.2, C6.2, C7.2, C8.2, C9.2, C10.2, C11.2, C12.2, C13.2, J1.13, J1.14, J1.A1B12, J1.B1A12, J2.14, J2.15, J2.16, J2.2, MK1.1, MK1.2, MK1.3, MK2.1, MK2.2, MK2.3, R3.2, R4.1, R5.2, R9.2, U1.1, U1.40, U1.41, U2.3, U2.41, U3.1, U3.2, U3.21, U3.33, U4.10, U4.21, U4.5, U5.7"
U3.9,I2S_BCLK,"U1.17, U4.6"
U4.1,I2C_SCL,"J2.10, R7.1, U1.22, U2.40, U3.4"
U4.10,GND,"C1.2, C2.2, C3.2, C4.2, C5.2, C6.2, C7.2, C8.2, C9.2, C10.2, C11.2, C12.2, C13.2, J1.13, J1.14, J1.A1B12, J1.B1A12, J2.14, J2.15, J2.16, J2.2, MK1.1, MK1.2, MK1.3, MK2.1, MK2.2, MK2.3, R3.2, R4.1, R5.2, R9.2, U1.1, U1.40, U1.41, U2.3, U2.41, U3.1, U3.2, U3.21, U3.33, U3.8, U4.21, U4.5, U5.7"
U4.11,AUD_3V3,"C7.1, C12.1, U2.18, U4.20, U4.3, U4.4"
U4.12,DAC_P,U5.3
U4.13,DAC_N,U5.4
U4.14,ES8311_DACVREF,-
U4.15,ES8311_ADCVREF,-
U4.16,ES8311_VMID,-
U4.17,NC__U4__17,-
U4.18,NC__U4__18,-
U4.19,I2C_SDA,"J2.11, R6.1, U1.8, U2.39, U3.3"
U4.2,I2S_MCLK,"U1.9, U3.5"
U4.20,AUD_3V3,"C7.1, C12.1, U2.18, U4.11, U4.3, U4.4"
U4.21,GND,"C1.2, C2.2, C3.2, C4.2, C5.2, C6.2, C7.2, C8.2, C9.2, C10.2, C11.2, C12.2, C13.2, J1.13, J1.14, J1.A1B12, J1.B1A12, J2.14, J2.15, J2.16, J2.2, MK1.1, MK1.2, MK1.3, MK2.1, MK2.2, MK2.3, R3.2, R4.1, R5.2, R9.2, U1.1, U1.40, U1.41, U2.3, U2.41, U3.1, U3.2, U3.21, U3.33, U3.8, U4.10, U4.5, U5.7"
U4.3,AUD_3V3,"C7.1, C12.1, U2.18, U4.11, U4.20, U4.4"
U4.4,AUD_3V3,"C7.1, C12.1, U2.18, U4.11, U4.20, U4.3"
U4.5,GND,"C1.2, C2.2, C3.2, C4.2, C5.2, C6.2, C7.2, C8.2, C9.2, C10.2, C11.2, C12.2, C13.2, J1.13, J1.14, J1.A1B12, J1.B1A12, J2.14, J2.15, J2.16, J2.2, MK1.1, MK1.2, MK1.3, MK2.1, MK2.2, MK2.3, R3.2, R4.1, R5.2, R9.2, U1.1, U1.40, U1.41, U2.3, U2.41, U3.1, U3.2, U3.21, U3.33, U3.8, U4.10, U4.21, U5.7"
U4.6,I2S_BCLK,"U1.17, U3.9"
U4.7,NC__U4__7,-
U4.8,I2S_LRCK,"U1.26, U3.10"
U4.9,I2S_DOUT,U1.12
U5.1,PA_CTRL,"R3.1, U1.16"
U5.2,NS4150_BYP,-
U5.3,DAC_P,U4.12
U5.4,DAC_N,U4.13
U5.5,SPK_N,-
U5.6,VBAT,"C4.1, C13.1, U2.33"
U5.7,GND,"C1.2, C2.2, C3.2, C4.2, C5.2, C6.2, C7.2, C8.2, C9.2, C10.2, C11.2, C12.2, C13.2, J1.13, J1.14, J1.A1B12, J1.B1A12, J2.14, J2.15, J2.16, J2.2, MK1.1, MK1.2, MK1.3, MK2.1, MK2.2, MK2.3, R3.2, R4.1, R5.2, R9.2, U1.1, U1.40, U1.41, U2.3, U2.41, U3.1, U3.2, U3.21, U3.33, U3.8, U4.10, U4.21, U4.5"
U5.8,SPK_P,-
